{"stats":{"minecraft:used":{"minecraft:wheat_seeds":81,"minecraft:water_bucket":9,"minecraft:diorite":12,"minecraft:stone_sword":6,"minecraft:acacia_log":1,"minecraft:stone_pickaxe":98,"minecraft:chest":3,"minecraft:wooden_pickaxe":64,"minecraft:iron_sword":73,"minecraft:orange_bed":1,"minecraft:torch":107,"minecraft:mossy_cobblestone":2,"minecraft:dirt":9,"minecraft:crafting_table":4,"minecraft:blast_furnace":1,"minecraft:granite":12,"minecraft:iron_hoe":84,"minecraft:bread":14,"minecraft:iron_pickaxe":307,"minecraft:gravel":1,"minecraft:stone_axe":90,"minecraft:wooden_sword":37,"minecraft:cobblestone":82,"minecraft:furnace":1,"minecraft:cooked_porkchop":1,"minecraft:andesite":19,"minecraft:bucket":9,"minecraft:cobbled_deepslate":8},"minecraft:broken":{"minecraft:iron_pickaxe":1},"minecraft:dropped":{"minecraft:stone_sword":1,"minecraft:torch":1,"minecraft:wooden_sword":1,"minecraft:stone_pickaxe":1,"minecraft:wooden_pickaxe":1,"minecraft:acacia_planks":3},"minecraft:picked_up":{"minecraft:wheat":16,"minecraft:crafting_table":1,"minecraft:andesite":34,"minecraft:oak_log":6,"minecraft:lapis_lazuli":50,"minecraft:string":4,"minecraft:dirt":39,"minecraft:raw_copper":44,"minecraft:bone":1,"minecraft:wheat_seeds":128,"minecraft:cobbled_deepslate":72,"minecraft:raw_gold":12,"minecraft:iron_ingot":1,"minecraft:melon_slice":60,"minecraft:sugar_cane":17,"minecraft:chest":3,"minecraft:acacia_sapling":1,"minecraft:furnace":1,"minecraft:raw_iron":71,"minecraft:stick":3,"minecraft:acacia_fence":2,"minecraft:pumpkin":9,"minecraft:torch":1,"minecraft:acacia_log":90,"minecraft:gravel":1,"minecraft:blast_furnace":1,"minecraft:diorite":12,"minecraft:redstone":17,"minecraft:spider_eye":1,"minecraft:mossy_cobblestone":2,"minecraft:cauldron":2,"minecraft:orange_bed":1,"minecraft:arrow":2,"minecraft:rotten_flesh":17,"minecraft:diamond":1,"minecraft:hay_block":24,"minecraft:granite":12,"minecraft:melon_seeds":11,"minecraft:coal":152,"minecraft:cobblestone":90},"minecraft:killed":{"minecraft:spider":3,"minecraft:skeleton":1,"minecraft:zombie":16},"minecraft:crafted":{"minecraft:wooden_sword":1,"minecraft:oak_planks":24,"minecraft:cooked_porkchop":3,"minecraft:crafting_table":4,"minecraft:iron_helmet":1,"minecraft:wooden_pickaxe":1,"minecraft:iron_sword":1,"minecraft:copper_ingot":44,"minecraft:bucket":1,"minecraft:stone_axe":1,"minecraft:cooked_mutton":2,"minecraft:bread":73,"minecraft:air":0,"minecraft:iron_boots":1,"minecraft:iron_chestplate":1,"minecraft:shield":1,"minecraft:iron_hoe":1,"minecraft:stick":52,"minecraft:iron_ingot":44,"minecraft:iron_pickaxe":3,"minecraft:stone_pickaxe":1,"minecraft:stone_sword":1,"minecraft:acacia_planks":32,"minecraft:torch":144,"minecraft:wheat":216},"minecraft:custom":{"minecraft:interact_with_furnace":7,"minecraft:mob_kills":20,"minecraft:animals_bred":3,"minecraft:interact_with_crafting_table":21,"minecraft:leave_game":1,"minecraft:time_since_death":109689,"minecraft:sleep_in_bed":7,"minecraft:time_since_rest":6300,"minecraft:sprint_one_cm":183256,"minecraft:damage_taken":455,"minecraft:walk_one_cm":436650,"minecraft:drop":6,"minecraft:damage_dealt":3744,"minecraft:fly_one_cm":275622,"minecraft:open_chest":27,"minecraft:crouch_one_cm":1315,"minecraft:play_time":109689,"minecraft:sneak_time":492,"minecraft:walk_under_water_one_cm":3113,"minecraft:jump":1379,"minecraft:interact_with_blast_furnace":8,"minecraft:walk_on_water_one_cm":10870,"minecraft:total_world_time":109689,"minecraft:interact_with_smoker":3,"minecraft:fall_one_cm":23273},"minecraft:mined":{"minecraft:deepslate_redstone_ore":4,"minecraft:acacia_leaves":4,"minecraft:mossy_cobblestone":2,"minecraft:deepslate_diamond_ore":1,"minecraft:melon_stem":6,"minecraft:oak_fence":2,"minecraft:crafting_table":1,"minecraft:granite":12,"minecraft:blast_furnace":1,"minecraft:acacia_log":87,"minecraft:grass_block":16,"minecraft:melon":11,"minecraft:chest":3,"minecraft:tall_grass":2,"minecraft:copper_ore":14,"minecraft:cobblestone":1,"minecraft:deepslate_gold_ore":8,"minecraft:lapis_ore":2,"minecraft:sugar_cane":6,"minecraft:diorite":12,"minecraft:hay_block":25,"minecraft:furnace":1,"minecraft:iron_ore":26,"minecraft:wheat":90,"minecraft:andesite":40,"minecraft:pumpkin":9,"minecraft:deepslate_lapis_ore":5,"minecraft:grass":33,"minecraft:coal_ore":99,"minecraft:oak_log":6,"minecraft:deepslate_iron_ore":16,"minecraft:water_cauldron":2,"minecraft:acacia_fence":4,"minecraft:dirt":8,"minecraft:gravel":1,"minecraft:stone":84,"minecraft:gold_ore":4,"minecraft:oak_leaves":3,"minecraft:deepslate":85,"minecraft:orange_bed":1}},"DataVersion":3465}