{"stats":{"minecraft:used":{"minecraft:wheat_seeds":1,"minecraft:oak_fence":34,"minecraft:stone_sword":111,"minecraft:acacia_log":4,"minecraft:stone_pickaxe":140,"minecraft:cartography_table":1,"minecraft:chest":3,"minecraft:wooden_pickaxe":92,"minecraft:stone_hoe":68,"minecraft:torch":27,"minecraft:crafting_table":5,"minecraft:red_bed":4,"minecraft:blast_furnace":1,"minecraft:smoker":1,"minecraft:wooden_axe":101,"minecraft:melon_slice":9,"minecraft:bread":10,"minecraft:iron_pickaxe":254,"minecraft:acacia_fence_gate":4,"minecraft:stone_axe":66,"minecraft:wooden_sword":11,"minecraft:cobblestone":96,"minecraft:furnace":1,"minecraft:acacia_fence":35,"minecraft:cooked_mutton":1,"minecraft:acacia_planks":3,"minecraft:cobbled_deepslate":92},"minecraft:broken":{"minecraft:stone_pickaxe":1,"minecraft:wooden_axe":1,"minecraft:wooden_pickaxe":1},"minecraft:dropped":{"minecraft:wooden_axe":2,"minecraft:wooden_pickaxe":1},"minecraft:picked_up":{"minecraft:wooden_axe":2,"minecraft:wheat":1,"minecraft:crafting_table":6,"minecraft:andesite":14,"minecraft:leather":2,"minecraft:wooden_pickaxe":2,"minecraft:smoker":1,"minecraft:acacia_wood":1,"minecraft:oak_log":14,"minecraft:cobblestone_wall":4,"minecraft:dirt":11,"minecraft:lapis_lazuli":24,"minecraft:string":1,"minecraft:red_bed":4,"minecraft:wooden_sword":1,"minecraft:bone":1,"minecraft:orange_glazed_terracotta":2,"minecraft:acacia_planks":4,"minecraft:raw_gold":7,"minecraft:wheat_seeds":35,"minecraft:cartography_table":1,"minecraft:cobbled_deepslate":100,"minecraft:acacia_fence_gate":1,"minecraft:beef":1,"minecraft:stone_pickaxe":1,"minecraft:poppy":12,"minecraft:melon_slice":56,"minecraft:chest":4,"minecraft:acacia_sapling":1,"minecraft:egg":8,"minecraft:raw_iron":16,"minecraft:acacia_fence":5,"minecraft:oak_fence":10,"minecraft:torch":13,"minecraft:acacia_log":60,"minecraft:dandelion":10,"minecraft:porkchop":5,"minecraft:blast_furnace":1,"minecraft:diorite":24,"minecraft:redstone":59,"minecraft:mossy_cobblestone":2,"minecraft:spider_eye":1,"minecraft:orange_bed":2,"minecraft:stone_sword":1,"minecraft:rotten_flesh":6,"minecraft:hay_block":43,"minecraft:granite":22,"minecraft:oak_sapling":6,"minecraft:mutton":3,"minecraft:coal":74,"minecraft:white_wool":2,"minecraft:cobblestone":134},"minecraft:killed":{"minecraft:pig":3,"minecraft:spider":1,"minecraft:sheep":2,"minecraft:skeleton":1,"minecraft:zombie":3,"minecraft:cow":1},"minecraft:crafted":{"minecraft:red_dye":1,"minecraft:wooden_sword":1,"minecraft:oak_planks":56,"minecraft:cooked_porkchop":5,"minecraft:crafting_table":1,"minecraft:iron_helmet":1,"minecraft:wooden_pickaxe":4,"minecraft:acacia_fence_gate":3,"minecraft:furnace":1,"minecraft:bucket":1,"minecraft:stone_axe":2,"minecraft:cooked_mutton":3,"minecraft:air":0,"minecraft:yellow_dye":1,"minecraft:iron_chestplate":1,"minecraft:shield":1,"minecraft:stick":184,"minecraft:iron_ingot":13,"minecraft:iron_pickaxe":2,"minecraft:stone_pickaxe":3,"minecraft:wooden_axe":3,"minecraft:acacia_fence":30,"minecraft:acacia_planks":224,"minecraft:torch":16,"minecraft:stone_hoe":1,"minecraft:oak_fence":24},"minecraft:custom":{"minecraft:interact_with_furnace":7,"minecraft:mob_kills":11,"minecraft:interact_with_cartography_table":2,"minecraft:interact_with_crafting_table":27,"minecraft:leave_game":1,"minecraft:time_since_death":122073,"minecraft:sleep_in_bed":8,"minecraft:time_since_rest":525,"minecraft:sprint_one_cm":205224,"minecraft:damage_taken":687,"minecraft:walk_one_cm":535792,"minecraft:drop":3,"minecraft:damage_dealt":1546,"minecraft:talked_to_villager":8,"minecraft:fly_one_cm":47443,"minecraft:open_chest":31,"minecraft:crouch_one_cm":166,"minecraft:play_time":122073,"minecraft:sneak_time":475,"minecraft:walk_under_water_one_cm":2834,"minecraft:jump":725,"minecraft:interact_with_blast_furnace":13,"minecraft:walk_on_water_one_cm":6184,"minecraft:interact_with_smoker":4,"minecraft:total_world_time":122073,"minecraft:fall_one_cm":9207},"minecraft:mined":{"minecraft:deepslate_redstone_ore":14,"minecraft:acacia_leaves":7,"minecraft:red_bed":4,"minecraft:mossy_cobblestone":2,"minecraft:melon_stem":1,"minecraft:smoker":1,"minecraft:dandelion":10,"minecraft:oak_fence":8,"minecraft:crafting_table":6,"minecraft:torch":7,"minecraft:granite":22,"minecraft:blast_furnace":1,"minecraft:acacia_log":69,"minecraft:grass_block":5,"minecraft:poppy":13,"minecraft:melon":11,"minecraft:chest":4,"minecraft:tall_grass":2,"minecraft:cobblestone":62,"minecraft:deepslate_gold_ore":7,"minecraft:cartography_table":1,"minecraft:diorite":24,"minecraft:wall_torch":5,"minecraft:hay_block":42,"minecraft:cobblestone_wall":5,"minecraft:acacia_fence_gate":1,"minecraft:iron_ore":4,"minecraft:wheat":20,"minecraft:acacia_wood":1,"minecraft:andesite":11,"minecraft:deepslate_lapis_ore":4,"minecraft:grass":90,"minecraft:oak_log":14,"minecraft:coal_ore":73,"minecraft:deepslate_iron_ore":11,"minecraft:acacia_fence":3,"minecraft:dirt":7,"minecraft:acacia_planks":1,"minecraft:stone":71,"minecraft:deepslate":93,"minecraft:oak_leaves":22,"minecraft:orange_bed":2,"minecraft:orange_glazed_terracotta":2}},"DataVersion":3465}